{"count":1,"self":2396.4809216,"total":4920.7235229,"children":{"InitializeActuators":{"count":1,"self":0.0015053999999999998,"total":0.0015053999999999998,"children":null},"InitializeSensors":{"count":1,"self":0.0044326,"total":0.0044326,"children":null},"AgentSendState":{"count":401351,"self":1.9718327999999998,"total":672.8023205,"children":{"CollectObservations":{"count":80271,"self":0.14204429999999998,"total":0.14204429999999998,"children":null},"WriteActionMask":{"count":80271,"self":0.1689395,"total":0.1689395,"children":null},"RequestDecision":{"count":80271,"self":0.5014267,"total":670.51950379999994,"children":{"AgentInfo.ToProto":{"count":80271,"self":0.93079459999999992,"total":670.01807709999991,"children":{"GenerateSensorData":{"count":80271,"self":4.3758476,"total":669.0872825,"children":{"CameraSensor.GetCompressedObservation":{"count":80271,"self":664.711424,"total":664.7114348,"children":null}}}}}}}}},"DecideAction":{"count":401351,"self":1831.4110976,"total":1831.4110716999999,"children":null},"AgentAct":{"count":401351,"self":3.7187387999999997,"total":3.7187389,"children":null},"AgentInfo.ToProto":{"count":1998,"self":0.0234395,"total":16.3034593,"children":{"GenerateSensorData":{"count":1998,"self":0.1027511,"total":16.280019799999998,"children":{"CameraSensor.GetCompressedObservation":{"count":1998,"self":16.1772688,"total":16.1772687,"children":null}}}}}},"gauges":{"My Behavior.CumulativeReward":{"count":1998,"max":18,"min":-184,"runningAverage":-28.401907,"value":-64,"weightedAverage":-24.9743233}},"metadata":{"timer_format_version":"0.1.0","start_time_seconds":"1760868835","unity_version":"2019.4.40f1","command_line_arguments":"D:\\mouse_vs_ai_windows\\Builds\\RandomTrain\\2D go to target v1.exe --mlagents-port 5005 -logFile D:\\mouse_vs_ai_windows\\results\\trans_v5_RandomTrain_3\\run_logs\\Player-0.log --screen-width=155 --screen-height=86","communication_protocol_version":"1.5.0","com.unity.ml-agents_version":"2.0.1","scene_name":"main","end_time_seconds":"1760873755"}}